Link,Sub Categery,Main Categery
"https://www.fiverr.com/categories/graphics-design/creative-logo-design",
"https://www.fiverr.com/categories/graphics-design/brand-style-guides",
"https://www.fiverr.com/categories/graphics-design/game-design",
"https://www.fiverr.com/categories/graphics-design/graphics-for-streamers",
"https://www.fiverr.com/categories/graphics-design/sample-business-cards-design",
"https://www.fiverr.com/categories/graphics-design/digital-illustration",
"https://www.fiverr.com/categories/graphics-design/pattern-design",
"https://www.fiverr.com/categories/graphics-design/brochure-design",
"https://www.fiverr.com/categories/graphics-design/poster-design",
"https://www.fiverr.com/categories/graphics-design/signage-design",
"https://www.fiverr.com/categories/graphics-design/flyer-design",
"https://www.fiverr.com/categories/graphics-design/book-design",
"https://www.fiverr.com/categories/graphics-design/album-cover-design",
"https://www.fiverr.com/categories/graphics-design/podcast-cover-art",
"https://www.fiverr.com/categories/graphics-design/product-packaging-design",
"https://www.fiverr.com/categories/graphics-design/storyboards,Storyboards",
"https://www.fiverr.com/categories/graphics-design/web-plus-mobile-design",
"https://www.fiverr.com/categories/graphics-design/social-media-design",
"https://www.fiverr.com/categories/graphics-design/ar-filters-lenses",
"https://www.fiverr.com/categories/graphics-design/postcard-design",
"https://www.fiverr.com/categories/graphics-design/catalog-design",
"https://www.fiverr.com/categories/graphics-design/menu-design",
"https://www.fiverr.com/categories/graphics-design/invitations",
"https://www.fiverr.com/categories/graphics-design/portraits-and-caricatures",
"https://www.fiverr.com/categories/graphics-design/cartoons-and-comics",
"https://www.fiverr.com/categories/graphics-design/tattoo-design",
"https://www.fiverr.com/categories/graphics-design/banner-ads",
"https://www.fiverr.com/categories/graphics-design/buy-photos-online-photoshopping",
"https://www.fiverr.com/categories/graphics-design/architectural-design-services",
"https://www.fiverr.com/categories/graphics-design/landscape-design",
"https://www.fiverr.com/categories/graphics-design/bim-services",
"https://www.fiverr.com/categories/graphics-design/character-modeling",
"https://www.fiverr.com/categories/graphics-design/product-design-services",
"https://www.fiverr.com/categories/graphics-design/booth-design",
"https://www.fiverr.com/categories/graphics-design/t-shirts",
"https://www.fiverr.com/categories/graphics-design/presentations-design",
"https://www.fiverr.com/categories/graphics-design/infographics-design",
"https://www.fiverr.com/categories/graphics-design/resume-design",
"https://www.fiverr.com/categories/graphics-design/car-wrap-design",
"https://www.fiverr.com/categories/graphics-design/vector-tracing",
"https://www.fiverr.com/categories/online-marketing/social-marketing",
"https://www.fiverr.com/categories/online-marketing/seo-services",
"https://www.fiverr.com/categories/online-marketing/social-media-advertising",
"https://www.fiverr.com/categories/online-marketing/public-relations",
"https://www.fiverr.com/categories/online-marketing/content-marketing",
"https://www.fiverr.com/categories/online-marketing/podcast-marketing",
"https://www.fiverr.com/categories/online-marketing/online-video-marketing",
"https://www.fiverr.com/categories/online-marketing/email-marketing",
"https://www.fiverr.com/categories/online-marketing/crowdfunding",
"https://www.fiverr.com/categories/online-marketing/search-engine-marketing",
"https://www.fiverr.com/categories/online-marketing/marketing-strategy",
"https://www.fiverr.com/categories/online-marketing/surveys",
"https://www.fiverr.com/categories/online-marketing/web-analytics-services",
"https://www.fiverr.com/categories/online-marketing/book-marketing-services",
"https://www.fiverr.com/categories/online-marketing/influencer-marketing",
"https://www.fiverr.com/categories/online-marketing/local-seo-services",
"https://www.fiverr.com/categories/online-marketing/domain-research-services",
"https://www.fiverr.com/categories/online-marketing/e-commerce-marketing",
"https://www.fiverr.com/categories/online-marketing/mobile-advertising",
"https://www.fiverr.com/categories/online-marketing/music-promotion",
"https://www.fiverr.com/categories/online-marketing/website-traffic",
"https://www.fiverr.com/categories/online-marketing/writing-press-releases",
"https://www.fiverr.com/categories/writing-translation/articles-blogposts",
"https://www.fiverr.com/categories/writing-translation/resume-writing",
"https://www.fiverr.com/categories/writing-translation/proofreading-editing",
"https://www.fiverr.com/categories/writing-translation/tone-of-voice",
"https://www.fiverr.com/categories/writing-translation/technical-writing-services",
"https://www.fiverr.com/categories/writing-translation/cover-letter-services",
"https://www.fiverr.com/categories/writing-translation/linkedin-profile-services",
"https://www.fiverr.com/categories/writing-translation/quality-translation-services",
"https://www.fiverr.com/categories/writing-translation/white-papers",
"https://www.fiverr.com/categories/writing-translation/ux-writing",
"https://www.fiverr.com/categories/writing-translation/language-lessons",
"https://www.fiverr.com/categories/writing-translation/podcast",
"https://www.fiverr.com/categories/writing-translation/case-study-writing",
"https://www.fiverr.com/categories/writing-translation/grant-writing-services",
"https://www.fiverr.com/categories/writing-translation/social-media-copywriting",
"https://www.fiverr.com/categories/writing-translation/sales-copy",
"https://www.fiverr.com/categories/writing-translation/research-summaries",
"https://www.fiverr.com/categories/writing-translation/transcription",
"https://www.fiverr.com/categories/writing-translation/legal-writing",
"https://www.fiverr.com/categories/writing-translation/product-description",
"https://www.fiverr.com/categories/writing-translation/website-content",
"https://www.fiverr.com/categories/writing-translation/business-names-and-slogans",
"https://www.fiverr.com/categories/writing-translation/script-writing",
"https://www.fiverr.com/categories/writing-translation/book-and-ebook-writing",
"https://www.fiverr.com/categories/writing-translation/book-editing",
"https://www.fiverr.com/categories/writing-translation/email-copy",
"https://www.fiverr.com/categories/writing-translation/speech-writing",
"https://www.fiverr.com/categories/writing-translation/creative-writing",
"https://www.fiverr.com/categories/writing-translation/beta-reader",
"https://www.fiverr.com/categories/video-animation/whiteboard-explainer-videos",
"https://www.fiverr.com/categories/video-animation/video-editing",
"https://www.fiverr.com/categories/video-animation/short-video-ads",
"https://www.fiverr.com/categories/video-animation/animated-gifs",
"https://www.fiverr.com/categories/video-animation/logo-animation-services",
"https://www.fiverr.com/categories/video-animation/video-intro-and-outro",
"https://www.fiverr.com/categories/video-animation/app-website-previews",
"https://www.fiverr.com/categories/video-animation/live-action-videos",
"https://www.fiverr.com/categories/video-animation/3d-product-animation",
"https://www.fiverr.com/categories/video-animation/animated-characters-modeling",
"https://www.fiverr.com/categories/video-animation/unboxing-videos",
"https://www.fiverr.com/categories/video-animation/buy-spokesperson-video",
"https://www.fiverr.com/categories/video-animation/elearning-video-production",
"https://www.fiverr.com/categories/video-animation/music-videos",
"https://www.fiverr.com/categories/video-animation/visual-effects",
"https://www.fiverr.com/categories/video-animation/subtitles-captions",
"https://www.fiverr.com/categories/video-animation/slideshow-videos",
"https://www.fiverr.com/categories/video-animation/animation-for-kids",
"https://www.fiverr.com/categories/video-animation/game-trailers",
"https://www.fiverr.com/categories/video-animation/screencasting-videos",
"https://www.fiverr.com/categories/video-animation/animation-for-streamers",
"https://www.fiverr.com/categories/video-animation/book-trailers",
"https://www.fiverr.com/categories/video-animation/real-estate-promos",
"https://www.fiverr.com/categories/video-animation/article-to-video",
"https://www.fiverr.com/categories/video-animation/local-photographers",
"https://www.fiverr.com/categories/video-animation/product-photography",
"https://www.fiverr.com/categories/music-audio/mixing-mastering",
"https://www.fiverr.com/categories/music-audio/voice-overs",
"https://www.fiverr.com/categories/music-audio/singers-vocalists",
"https://www.fiverr.com/categories/music-audio/producers-composers",
"https://www.fiverr.com/categories/music-audio/online-music-lessons",
"https://www.fiverr.com/categories/music-audio/session-musicians",
"https://www.fiverr.com/categories/music-audio/podcast-editing",
"https://www.fiverr.com/categories/music-audio/songwriters",
"https://www.fiverr.com/categories/music-audio/audio-ads-production",
"https://www.fiverr.com/categories/music-audio/audiobook-production",
"https://www.fiverr.com/categories/music-audio/dj-drops-tags",
"https://www.fiverr.com/categories/music-audio/sound-design",
"https://www.fiverr.com/categories/music-audio/music-transcription",
"https://www.fiverr.com/categories/music-audio/dialogue-editing",
"https://www.fiverr.com/categories/music-audio/jingles-intros",
"https://www.fiverr.com/categories/music-audio/vocal-tuning",
"https://www.fiverr.com/categories/programming-tech/web-cms-services",
"https://www.fiverr.com/categories/programming-tech/wordpress-services",
"https://www.fiverr.com/categories/programming-tech/game-development",
"https://www.fiverr.com/categories/programming-tech/ecommerce-services",
"https://www.fiverr.com/categories/programming-tech/mobile-app-services",
"https://www.fiverr.com/categories/programming-tech/development-for-streamers",
"https://www.fiverr.com/categories/programming-tech/desktop-app-services",
"https://www.fiverr.com/categories/programming-tech/web-programming-services",
"https://www.fiverr.com/categories/programming-tech/chatbots",
"https://www.fiverr.com/categories/programming-tech/online-coding-lessons",
"https://www.fiverr.com/categories/programming-tech/support-it-services",
"https://www.fiverr.com/categories/programming-tech/cybersecurity-data-protection",
"https://www.fiverr.com/categories/programming-tech/file-conversion-services",
"https://www.fiverr.com/categories/programming-tech/data-analysis-services",
"https://www.fiverr.com/categories/programming-tech/user-testing-services",
"https://www.fiverr.com/categories/programming-tech/database-programming-services",
"https://www.fiverr.com/categories/business/ecommerce-management",
"https://www.fiverr.com/categories/programming-tech/qa-services",
"https://www.fiverr.com/categories/business/data-entry",
"https://www.fiverr.com/categories/business/virtual-assistant-services",
"https://www.fiverr.com/categories/business/business-plans",
"https://www.fiverr.com/categories/business/market-research-reports",
"https://www.fiverr.com/categories/business/hr-consulting",
"https://www.fiverr.com/categories/business/project-management",
"https://www.fiverr.com/categories/business/legal-consulting-services",
"https://www.fiverr.com/categories/business/branding-services",
"https://www.fiverr.com/categories/business/business-tips",
"https://www.fiverr.com/categories/business/financial-consulting-services",
"https://www.fiverr.com/categories/business/career-counseling",
"https://www.fiverr.com/categories/business/online-presentations",
"https://www.fiverr.com/categories/business/lead-generation-services",
"https://www.fiverr.com/categories/business/flyer-distribution",